winner,action_mask,score,first_player
0,"[[[ True  True]
  [ True  True]
  [ True  True]
  [ True  True]
  [ True  True]
  [ True  True]]

 [[ True  True]
  [ True  True]
  [ True  True]
  [ True  True]
  [ True  True]
  [ True  True]]

 [[ True  True]
  [ True  True]
  [ True  True]
  [ True  True]
  [ True  True]
  [ True  True]]

 [[ True  True]
  [ True  True]
  [ True  True]
  [ True  True]
  [ True  True]
  [ True  True]]

 [[ True  True]
  [ True  True]
  [ True  True]
  [ True  True]
  [ True  True]
  [ True  True]]

 [[ True  True]
  [ True  True]
  [ True  True]
  [ True  True]
  [ True  True]
  [ True  True]]]","[17, 8]",0
1,"[[[ True  True]
  [ True  True]
  [ True  True]
  [ True  True]
  [ True  True]
  [ True  True]]

 [[ True  True]
  [ True  True]
  [ True  True]
  [ True  True]
  [ True  True]
  [ True  True]]

 [[ True  True]
  [ True  True]
  [ True  True]
  [ True  True]
  [ True  True]
  [ True  True]]

 [[ True  True]
  [ True  True]
  [ True  True]
  [ True  True]
  [ True  True]
  [ True  True]]

 [[ True  True]
  [ True  True]
  [ True  True]
  [ True  True]
  [ True  True]
  [ True  True]]

 [[ True  True]
  [ True  True]
  [ True  True]
  [ True  True]
  [ True  True]
  [ True  True]]]","[5, 20]",1
0,"[[[ True  True]
  [ True  True]
  [ True  True]
  [ True  True]
  [ True  True]
  [ True  True]]

 [[ True  True]
  [ True  True]
  [ True  True]
  [ True  True]
  [ True  True]
  [ True  True]]

 [[ True  True]
  [ True  True]
  [ True  True]
  [ True  True]
  [ True  True]
  [ True  True]]

 [[ True  True]
  [ True  True]
  [ True  True]
  [ True  True]
  [ True  True]
  [ True  True]]

 [[ True  True]
  [ True  True]
  [ True  True]
  [ True  True]
  [ True  True]
  [ True  True]]

 [[ True  True]
  [ True  True]
  [ True  True]
  [ True  True]
  [ True  True]
  [ True  True]]]","[21, 4]",0
1,"[[[ True  True]
  [ True  True]
  [ True  True]
  [ True  True]
  [ True  True]
  [ True  True]]

 [[ True  True]
  [ True  True]
  [ True  True]
  [ True  True]
  [ True  True]
  [ True  True]]

 [[ True  True]
  [ True  True]
  [ True  True]
  [ True  True]
  [ True  True]
  [ True  True]]

 [[ True  True]
  [ True  True]
  [ True  True]
  [ True  True]
  [ True  True]
  [ True  True]]

 [[ True  True]
  [ True  True]
  [ True  True]
  [ True  True]
  [ True  True]
  [ True  True]]

 [[ True  True]
  [ True  True]
  [ True  True]
  [ True  True]
  [ True  True]
  [ True  True]]]","[5, 20]",1
1,"[[[ True  True]
  [ True  True]
  [ True  True]
  [ True  True]
  [ True  True]
  [ True  True]]

 [[ True  True]
  [ True  True]
  [ True  True]
  [ True  True]
  [ True  True]
  [ True  True]]

 [[ True  True]
  [ True  True]
  [ True  True]
  [ True  True]
  [ True  True]
  [ True  True]]

 [[ True  True]
  [ True  True]
  [ True  True]
  [ True  True]
  [ True  True]
  [ True  True]]

 [[ True  True]
  [ True  True]
  [ True  True]
  [ True  True]
  [ True  True]
  [ True  True]]

 [[ True  True]
  [ True  True]
  [ True  True]
  [ True  True]
  [ True  True]
  [ True  True]]]","[9, 16]",0
1,"[[[ True  True]
  [ True  True]
  [ True  True]
  [ True  True]
  [ True  True]
  [ True  True]]

 [[ True  True]
  [ True  True]
  [ True  True]
  [ True  True]
  [ True  True]
  [ True  True]]

 [[ True  True]
  [ True  True]
  [ True  True]
  [ True  True]
  [ True  True]
  [ True  True]]

 [[ True  True]
  [ True  True]
  [ True  True]
  [ True  True]
  [ True  True]
  [ True  True]]

 [[ True  True]
  [ True  True]
  [ True  True]
  [ True  True]
  [ True  True]
  [ True  True]]

 [[ True  True]
  [ True  True]
  [ True  True]
  [ True  True]
  [ True  True]
  [ True  True]]]","[5, 20]",1
0,"[[[ True  True]
  [ True  True]
  [ True  True]
  [ True  True]
  [ True  True]
  [ True  True]]

 [[ True  True]
  [ True  True]
  [ True  True]
  [ True  True]
  [ True  True]
  [ True  True]]

 [[ True  True]
  [ True  True]
  [ True  True]
  [ True  True]
  [ True  True]
  [ True  True]]

 [[ True  True]
  [ True  True]
  [ True  True]
  [ True  True]
  [ True  True]
  [ True  True]]

 [[ True  True]
  [ True  True]
  [ True  True]
  [ True  True]
  [ True  True]
  [ True  True]]

 [[ True  True]
  [ True  True]
  [ True  True]
  [ True  True]
  [ True  True]
  [ True  True]]]","[18, 7]",0
1,"[[[ True  True]
  [ True  True]
  [ True  True]
  [ True  True]
  [ True  True]
  [ True  True]]

 [[ True  True]
  [ True  True]
  [ True  True]
  [ True  True]
  [ True  True]
  [ True  True]]

 [[ True  True]
  [ True  True]
  [ True  True]
  [ True  True]
  [ True  True]
  [ True  True]]

 [[ True  True]
  [ True  True]
  [ True  True]
  [ True  True]
  [ True  True]
  [ True  True]]

 [[ True  True]
  [ True  True]
  [ True  True]
  [ True  True]
  [ True  True]
  [ True  True]]

 [[ True  True]
  [ True  True]
  [ True  True]
  [ True  True]
  [ True  True]
  [ True  True]]]","[7, 18]",1
0,"[[[ True  True]
  [ True  True]
  [ True  True]
  [ True  True]
  [ True  True]
  [ True  True]]

 [[ True  True]
  [ True  True]
  [ True  True]
  [ True  True]
  [ True  True]
  [ True  True]]

 [[ True  True]
  [ True  True]
  [ True  True]
  [ True  True]
  [ True  True]
  [ True  True]]

 [[ True  True]
  [ True  True]
  [ True  True]
  [ True  True]
  [ True  True]
  [ True  True]]

 [[ True  True]
  [ True  True]
  [ True  True]
  [ True  True]
  [ True  True]
  [ True  True]]

 [[ True  True]
  [ True  True]
  [ True  True]
  [ True  True]
  [ True  True]
  [ True  True]]]","[21, 4]",0
1,"[[[ True  True]
  [ True  True]
  [ True  True]
  [ True  True]
  [ True  True]
  [ True  True]]

 [[ True  True]
  [ True  True]
  [ True  True]
  [ True  True]
  [ True  True]
  [ True  True]]

 [[ True  True]
  [ True  True]
  [ True  True]
  [ True  True]
  [ True  True]
  [ True  True]]

 [[ True  True]
  [ True  True]
  [ True  True]
  [ True  True]
  [ True  True]
  [ True  True]]

 [[ True  True]
  [ True  True]
  [ True  True]
  [ True  True]
  [ True  True]
  [ True  True]]

 [[ True  True]
  [ True  True]
  [ True  True]
  [ True  True]
  [ True  True]
  [ True  True]]]","[8, 17]",1
0,"[[[ True  True]
  [ True  True]
  [ True  True]
  [ True  True]
  [ True  True]
  [ True  True]]

 [[ True  True]
  [ True  True]
  [ True  True]
  [ True  True]
  [ True  True]
  [ True  True]]

 [[ True  True]
  [ True  True]
  [ True  True]
  [ True  True]
  [ True  True]
  [ True  True]]

 [[ True  True]
  [ True  True]
  [ True  True]
  [ True  True]
  [ True  True]
  [ True  True]]

 [[ True  True]
  [ True  True]
  [ True  True]
  [ True  True]
  [ True  True]
  [ True  True]]

 [[ True  True]
  [ True  True]
  [ True  True]
  [ True  True]
  [ True  True]
  [ True  True]]]","[21, 4]",0
1,"[[[ True  True]
  [ True  True]
  [ True  True]
  [ True  True]
  [ True  True]
  [ True  True]]

 [[ True  True]
  [ True  True]
  [ True  True]
  [ True  True]
  [ True  True]
  [ True  True]]

 [[ True  True]
  [ True  True]
  [ True  True]
  [ True  True]
  [ True  True]
  [ True  True]]

 [[ True  True]
  [ True  True]
  [ True  True]
  [ True  True]
  [ True  True]
  [ True  True]]

 [[ True  True]
  [ True  True]
  [ True  True]
  [ True  True]
  [ True  True]
  [ True  True]]

 [[ True  True]
  [ True  True]
  [ True  True]
  [ True  True]
  [ True  True]
  [ True  True]]]","[7, 18]",1
1,"[[[ True  True]
  [ True  True]
  [ True  True]
  [ True  True]
  [ True  True]
  [ True  True]]

 [[ True  True]
  [ True  True]
  [ True  True]
  [ True  True]
  [ True  True]
  [ True  True]]

 [[ True  True]
  [ True  True]
  [ True  True]
  [ True  True]
  [ True  True]
  [ True  True]]

 [[ True  True]
  [ True  True]
  [ True  True]
  [ True  True]
  [ True  True]
  [ True  True]]

 [[ True  True]
  [ True  True]
  [ True  True]
  [ True  True]
  [ True  True]
  [ True  True]]

 [[ True  True]
  [ True  True]
  [ True  True]
  [ True  True]
  [ True  True]
  [ True  True]]]","[4, 21]",0
1,"[[[ True  True]
  [ True  True]
  [ True  True]
  [ True  True]
  [ True  True]
  [ True  True]]

 [[ True  True]
  [ True  True]
  [ True  True]
  [ True  True]
  [ True  True]
  [ True  True]]

 [[ True  True]
  [ True  True]
  [ True  True]
  [ True  True]
  [ True  True]
  [ True  True]]

 [[ True  True]
  [ True  True]
  [ True  True]
  [ True  True]
  [ True  True]
  [ True  True]]

 [[ True  True]
  [ True  True]
  [ True  True]
  [ True  True]
  [ True  True]
  [ True  True]]

 [[ True  True]
  [ True  True]
  [ True  True]
  [ True  True]
  [ True  True]
  [ True  True]]]","[11, 14]",1
1,"[[[ True  True]
  [ True  True]
  [ True  True]
  [ True  True]
  [ True  True]
  [ True  True]]

 [[ True  True]
  [ True  True]
  [ True  True]
  [ True  True]
  [ True  True]
  [ True  True]]

 [[ True  True]
  [ True  True]
  [ True  True]
  [ True  True]
  [ True  True]
  [ True  True]]

 [[ True  True]
  [ True  True]
  [ True  True]
  [ True  True]
  [ True  True]
  [ True  True]]

 [[ True  True]
  [ True  True]
  [ True  True]
  [ True  True]
  [ True  True]
  [ True  True]]

 [[ True  True]
  [ True  True]
  [ True  True]
  [ True  True]
  [ True  True]
  [ True  True]]]","[3, 22]",0
1,"[[[ True  True]
  [ True  True]
  [ True  True]
  [ True  True]
  [ True  True]
  [ True  True]]

 [[ True  True]
  [ True  True]
  [ True  True]
  [ True  True]
  [ True  True]
  [ True  True]]

 [[ True  True]
  [ True  True]
  [ True  True]
  [ True  True]
  [ True  True]
  [ True  True]]

 [[ True  True]
  [ True  True]
  [ True  True]
  [ True  True]
  [ True  True]
  [ True  True]]

 [[ True  True]
  [ True  True]
  [ True  True]
  [ True  True]
  [ True  True]
  [ True  True]]

 [[ True  True]
  [ True  True]
  [ True  True]
  [ True  True]
  [ True  True]
  [ True  True]]]","[3, 22]",1
1,"[[[ True  True]
  [ True  True]
  [ True  True]
  [ True  True]
  [ True  True]
  [ True  True]]

 [[ True  True]
  [ True  True]
  [ True  True]
  [ True  True]
  [ True  True]
  [ True  True]]

 [[ True  True]
  [ True  True]
  [ True  True]
  [ True  True]
  [ True  True]
  [ True  True]]

 [[ True  True]
  [ True  True]
  [ True  True]
  [ True  True]
  [ True  True]
  [ True  True]]

 [[ True  True]
  [ True  True]
  [ True  True]
  [ True  True]
  [ True  True]
  [ True  True]]

 [[ True  True]
  [ True  True]
  [ True  True]
  [ True  True]
  [ True  True]
  [ True  True]]]","[7, 18]",0
1,"[[[ True  True]
  [ True  True]
  [ True  True]
  [ True  True]
  [ True  True]
  [ True  True]]

 [[ True  True]
  [ True  True]
  [ True  True]
  [ True  True]
  [ True  True]
  [ True  True]]

 [[ True  True]
  [ True  True]
  [ True  True]
  [ True  True]
  [ True  True]
  [ True  True]]

 [[ True  True]
  [ True  True]
  [ True  True]
  [ True  True]
  [ True  True]
  [ True  True]]

 [[ True  True]
  [ True  True]
  [ True  True]
  [ True  True]
  [ True  True]
  [ True  True]]

 [[ True  True]
  [ True  True]
  [ True  True]
  [ True  True]
  [ True  True]
  [ True  True]]]","[6, 19]",1
0,"[[[ True  True]
  [ True  True]
  [ True  True]
  [ True  True]
  [ True  True]
  [ True  True]]

 [[ True  True]
  [ True  True]
  [ True  True]
  [ True  True]
  [ True  True]
  [ True  True]]

 [[ True  True]
  [ True  True]
  [ True  True]
  [ True  True]
  [ True  True]
  [ True  True]]

 [[ True  True]
  [ True  True]
  [ True  True]
  [ True  True]
  [ True  True]
  [ True  True]]

 [[ True  True]
  [ True  True]
  [ True  True]
  [ True  True]
  [ True  True]
  [ True  True]]

 [[ True  True]
  [ True  True]
  [ True  True]
  [ True  True]
  [ True  True]
  [ True  True]]]","[17, 8]",0
0,"[[[ True  True]
  [ True  True]
  [ True  True]
  [ True  True]
  [ True  True]
  [ True  True]]

 [[ True  True]
  [ True  True]
  [ True  True]
  [ True  True]
  [ True  True]
  [ True  True]]

 [[ True  True]
  [ True  True]
  [ True  True]
  [ True  True]
  [ True  True]
  [ True  True]]

 [[ True  True]
  [ True  True]
  [ True  True]
  [ True  True]
  [ True  True]
  [ True  True]]

 [[ True  True]
  [ True  True]
  [ True  True]
  [ True  True]
  [ True  True]
  [ True  True]]

 [[ True  True]
  [ True  True]
  [ True  True]
  [ True  True]
  [ True  True]
  [ True  True]]]","[20, 5]",1
1,"[[[ True  True]
  [ True  True]
  [ True  True]
  [ True  True]
  [ True  True]
  [ True  True]]

 [[ True  True]
  [ True  True]
  [ True  True]
  [ True  True]
  [ True  True]
  [ True  True]]

 [[ True  True]
  [ True  True]
  [ True  True]
  [ True  True]
  [ True  True]
  [ True  True]]

 [[ True  True]
  [ True  True]
  [ True  True]
  [ True  True]
  [ True  True]
  [ True  True]]

 [[ True  True]
  [ True  True]
  [ True  True]
  [ True  True]
  [ True  True]
  [ True  True]]

 [[ True  True]
  [ True  True]
  [ True  True]
  [ True  True]
  [ True  True]
  [ True  True]]]","[4, 21]",0
1,"[[[ True  True]
  [ True  True]
  [ True  True]
  [ True  True]
  [ True  True]
  [ True  True]]

 [[ True  True]
  [ True  True]
  [ True  True]
  [ True  True]
  [ True  True]
  [ True  True]]

 [[ True  True]
  [ True  True]
  [ True  True]
  [ True  True]
  [ True  True]
  [ True  True]]

 [[ True  True]
  [ True  True]
  [ True  True]
  [ True  True]
  [ True  True]
  [ True  True]]

 [[ True  True]
  [ True  True]
  [ True  True]
  [ True  True]
  [ True  True]
  [ True  True]]

 [[ True  True]
  [ True  True]
  [ True  True]
  [ True  True]
  [ True  True]
  [ True  True]]]","[5, 20]",1
1,"[[[ True  True]
  [ True  True]
  [ True  True]
  [ True  True]
  [ True  True]
  [ True  True]]

 [[ True  True]
  [ True  True]
  [ True  True]
  [ True  True]
  [ True  True]
  [ True  True]]

 [[ True  True]
  [ True  True]
  [ True  True]
  [ True  True]
  [ True  True]
  [ True  True]]

 [[ True  True]
  [ True  True]
  [ True  True]
  [ True  True]
  [ True  True]
  [ True  True]]

 [[ True  True]
  [ True  True]
  [ True  True]
  [ True  True]
  [ True  True]
  [ True  True]]

 [[ True  True]
  [ True  True]
  [ True  True]
  [ True  True]
  [ True  True]
  [ True  True]]]","[6, 19]",0
0,"[[[ True  True]
  [ True  True]
  [ True  True]
  [ True  True]
  [ True  True]
  [ True  True]]

 [[ True  True]
  [ True  True]
  [ True  True]
  [ True  True]
  [ True  True]
  [ True  True]]

 [[ True  True]
  [ True  True]
  [ True  True]
  [ True  True]
  [ True  True]
  [ True  True]]

 [[ True  True]
  [ True  True]
  [ True  True]
  [ True  True]
  [ True  True]
  [ True  True]]

 [[ True  True]
  [ True  True]
  [ True  True]
  [ True  True]
  [ True  True]
  [ True  True]]

 [[ True  True]
  [ True  True]
  [ True  True]
  [ True  True]
  [ True  True]
  [ True  True]]]","[20, 5]",1
0,"[[[ True  True]
  [ True  True]
  [ True  True]
  [ True  True]
  [ True  True]
  [ True  True]]

 [[ True  True]
  [ True  True]
  [ True  True]
  [ True  True]
  [ True  True]
  [ True  True]]

 [[ True  True]
  [ True  True]
  [ True  True]
  [ True  True]
  [ True  True]
  [ True  True]]

 [[ True  True]
  [ True  True]
  [ True  True]
  [ True  True]
  [ True  True]
  [ True  True]]

 [[ True  True]
  [ True  True]
  [ True  True]
  [ True  True]
  [ True  True]
  [ True  True]]

 [[ True  True]
  [ True  True]
  [ True  True]
  [ True  True]
  [ True  True]
  [ True  True]]]","[14, 11]",0
1,"[[[ True  True]
  [ True  True]
  [ True  True]
  [ True  True]
  [ True  True]
  [ True  True]]

 [[ True  True]
  [ True  True]
  [ True  True]
  [ True  True]
  [ True  True]
  [ True  True]]

 [[ True  True]
  [ True  True]
  [ True  True]
  [ True  True]
  [ True  True]
  [ True  True]]

 [[ True  True]
  [ True  True]
  [ True  True]
  [ True  True]
  [ True  True]
  [ True  True]]

 [[ True  True]
  [ True  True]
  [ True  True]
  [ True  True]
  [ True  True]
  [ True  True]]

 [[ True  True]
  [ True  True]
  [ True  True]
  [ True  True]
  [ True  True]
  [ True  True]]]","[5, 20]",1
1,"[[[ True  True]
  [ True  True]
  [ True  True]
  [ True  True]
  [ True  True]
  [ True  True]]

 [[ True  True]
  [ True  True]
  [ True  True]
  [ True  True]
  [ True  True]
  [ True  True]]

 [[ True  True]
  [ True  True]
  [ True  True]
  [ True  True]
  [ True  True]
  [ True  True]]

 [[ True  True]
  [ True  True]
  [ True  True]
  [ True  True]
  [ True  True]
  [ True  True]]

 [[ True  True]
  [ True  True]
  [ True  True]
  [ True  True]
  [ True  True]
  [ True  True]]

 [[ True  True]
  [ True  True]
  [ True  True]
  [ True  True]
  [ True  True]
  [ True  True]]]","[6, 19]",0
1,"[[[ True  True]
  [ True  True]
  [ True  True]
  [ True  True]
  [ True  True]
  [ True  True]]

 [[ True  True]
  [ True  True]
  [ True  True]
  [ True  True]
  [ True  True]
  [ True  True]]

 [[ True  True]
  [ True  True]
  [ True  True]
  [ True  True]
  [ True  True]
  [ True  True]]

 [[ True  True]
  [ True  True]
  [ True  True]
  [ True  True]
  [ True  True]
  [ True  True]]

 [[ True  True]
  [ True  True]
  [ True  True]
  [ True  True]
  [ True  True]
  [ True  True]]

 [[ True  True]
  [ True  True]
  [ True  True]
  [ True  True]
  [ True  True]
  [ True  True]]]","[5, 20]",1
0,"[[[ True  True]
  [ True  True]
  [ True  True]
  [ True  True]
  [ True  True]
  [ True  True]]

 [[ True  True]
  [ True  True]
  [ True  True]
  [ True  True]
  [ True  True]
  [ True  True]]

 [[ True  True]
  [ True  True]
  [ True  True]
  [ True  True]
  [ True  True]
  [ True  True]]

 [[ True  True]
  [ True  True]
  [ True  True]
  [ True  True]
  [ True  True]
  [ True  True]]

 [[ True  True]
  [ True  True]
  [ True  True]
  [ True  True]
  [ True  True]
  [ True  True]]

 [[ True  True]
  [ True  True]
  [ True  True]
  [ True  True]
  [ True  True]
  [ True  True]]]","[21, 4]",0
1,"[[[ True  True]
  [ True  True]
  [ True  True]
  [ True  True]
  [ True  True]
  [ True  True]]

 [[ True  True]
  [ True  True]
  [ True  True]
  [ True  True]
  [ True  True]
  [ True  True]]

 [[ True  True]
  [ True  True]
  [ True  True]
  [ True  True]
  [ True  True]
  [ True  True]]

 [[ True  True]
  [ True  True]
  [ True  True]
  [ True  True]
  [ True  True]
  [ True  True]]

 [[ True  True]
  [ True  True]
  [ True  True]
  [ True  True]
  [ True  True]
  [ True  True]]

 [[ True  True]
  [ True  True]
  [ True  True]
  [ True  True]
  [ True  True]
  [ True  True]]]","[4, 21]",1
1,"[[[ True  True]
  [ True  True]
  [ True  True]
  [ True  True]
  [ True  True]
  [ True  True]]

 [[ True  True]
  [ True  True]
  [ True  True]
  [ True  True]
  [ True  True]
  [ True  True]]

 [[ True  True]
  [ True  True]
  [ True  True]
  [ True  True]
  [ True  True]
  [ True  True]]

 [[ True  True]
  [ True  True]
  [ True  True]
  [ True  True]
  [ True  True]
  [ True  True]]

 [[ True  True]
  [ True  True]
  [ True  True]
  [ True  True]
  [ True  True]
  [ True  True]]

 [[ True  True]
  [ True  True]
  [ True  True]
  [ True  True]
  [ True  True]
  [ True  True]]]","[4, 21]",0
0,"[[[ True  True]
  [ True  True]
  [ True  True]
  [ True  True]
  [ True  True]
  [ True  True]]

 [[ True  True]
  [ True  True]
  [ True  True]
  [ True  True]
  [ True  True]
  [ True  True]]

 [[ True  True]
  [ True  True]
  [ True  True]
  [ True  True]
  [ True  True]
  [ True  True]]

 [[ True  True]
  [ True  True]
  [ True  True]
  [ True  True]
  [ True  True]
  [ True  True]]

 [[ True  True]
  [ True  True]
  [ True  True]
  [ True  True]
  [ True  True]
  [ True  True]]

 [[ True  True]
  [ True  True]
  [ True  True]
  [ True  True]
  [ True  True]
  [ True  True]]]","[13, 12]",1
1,"[[[ True  True]
  [ True  True]
  [ True  True]
  [ True  True]
  [ True  True]
  [ True  True]]

 [[ True  True]
  [ True  True]
  [ True  True]
  [ True  True]
  [ True  True]
  [ True  True]]

 [[ True  True]
  [ True  True]
  [ True  True]
  [ True  True]
  [ True  True]
  [ True  True]]

 [[ True  True]
  [ True  True]
  [ True  True]
  [ True  True]
  [ True  True]
  [ True  True]]

 [[ True  True]
  [ True  True]
  [ True  True]
  [ True  True]
  [ True  True]
  [ True  True]]

 [[ True  True]
  [ True  True]
  [ True  True]
  [ True  True]
  [ True  True]
  [ True  True]]]","[12, 13]",0
0,"[[[ True  True]
  [ True  True]
  [ True  True]
  [ True  True]
  [ True  True]
  [ True  True]]

 [[ True  True]
  [ True  True]
  [ True  True]
  [ True  True]
  [ True  True]
  [ True  True]]

 [[ True  True]
  [ True  True]
  [ True  True]
  [ True  True]
  [ True  True]
  [ True  True]]

 [[ True  True]
  [ True  True]
  [ True  True]
  [ True  True]
  [ True  True]
  [ True  True]]

 [[ True  True]
  [ True  True]
  [ True  True]
  [ True  True]
  [ True  True]
  [ True  True]]

 [[ True  True]
  [ True  True]
  [ True  True]
  [ True  True]
  [ True  True]
  [ True  True]]]","[19, 6]",1
1,"[[[ True  True]
  [ True  True]
  [ True  True]
  [ True  True]
  [ True  True]
  [ True  True]]

 [[ True  True]
  [ True  True]
  [ True  True]
  [ True  True]
  [ True  True]
  [ True  True]]

 [[ True  True]
  [ True  True]
  [ True  True]
  [ True  True]
  [ True  True]
  [ True  True]]

 [[ True  True]
  [ True  True]
  [ True  True]
  [ True  True]
  [ True  True]
  [ True  True]]

 [[ True  True]
  [ True  True]
  [ True  True]
  [ True  True]
  [ True  True]
  [ True  True]]

 [[ True  True]
  [ True  True]
  [ True  True]
  [ True  True]
  [ True  True]
  [ True  True]]]","[4, 21]",0
1,"[[[ True  True]
  [ True  True]
  [ True  True]
  [ True  True]
  [ True  True]
  [ True  True]]

 [[ True  True]
  [ True  True]
  [ True  True]
  [ True  True]
  [ True  True]
  [ True  True]]

 [[ True  True]
  [ True  True]
  [ True  True]
  [ True  True]
  [ True  True]
  [ True  True]]

 [[ True  True]
  [ True  True]
  [ True  True]
  [ True  True]
  [ True  True]
  [ True  True]]

 [[ True  True]
  [ True  True]
  [ True  True]
  [ True  True]
  [ True  True]
  [ True  True]]

 [[ True  True]
  [ True  True]
  [ True  True]
  [ True  True]
  [ True  True]
  [ True  True]]]","[5, 20]",1
1,"[[[ True  True]
  [ True  True]
  [ True  True]
  [ True  True]
  [ True  True]
  [ True  True]]

 [[ True  True]
  [ True  True]
  [ True  True]
  [ True  True]
  [ True  True]
  [ True  True]]

 [[ True  True]
  [ True  True]
  [ True  True]
  [ True  True]
  [ True  True]
  [ True  True]]

 [[ True  True]
  [ True  True]
  [ True  True]
  [ True  True]
  [ True  True]
  [ True  True]]

 [[ True  True]
  [ True  True]
  [ True  True]
  [ True  True]
  [ True  True]
  [ True  True]]

 [[ True  True]
  [ True  True]
  [ True  True]
  [ True  True]
  [ True  True]
  [ True  True]]]","[6, 19]",0
1,"[[[ True  True]
  [ True  True]
  [ True  True]
  [ True  True]
  [ True  True]
  [ True  True]]

 [[ True  True]
  [ True  True]
  [ True  True]
  [ True  True]
  [ True  True]
  [ True  True]]

 [[ True  True]
  [ True  True]
  [ True  True]
  [ True  True]
  [ True  True]
  [ True  True]]

 [[ True  True]
  [ True  True]
  [ True  True]
  [ True  True]
  [ True  True]
  [ True  True]]

 [[ True  True]
  [ True  True]
  [ True  True]
  [ True  True]
  [ True  True]
  [ True  True]]

 [[ True  True]
  [ True  True]
  [ True  True]
  [ True  True]
  [ True  True]
  [ True  True]]]","[5, 20]",1
1,"[[[ True  True]
  [ True  True]
  [ True  True]
  [ True  True]
  [ True  True]
  [ True  True]]

 [[ True  True]
  [ True  True]
  [ True  True]
  [ True  True]
  [ True  True]
  [ True  True]]

 [[ True  True]
  [ True  True]
  [ True  True]
  [ True  True]
  [ True  True]
  [ True  True]]

 [[ True  True]
  [ True  True]
  [ True  True]
  [ True  True]
  [ True  True]
  [ True  True]]

 [[ True  True]
  [ True  True]
  [ True  True]
  [ True  True]
  [ True  True]
  [ True  True]]

 [[ True  True]
  [ True  True]
  [ True  True]
  [ True  True]
  [ True  True]
  [ True  True]]]","[5, 20]",0
1,"[[[ True  True]
  [ True  True]
  [ True  True]
  [ True  True]
  [ True  True]
  [ True  True]]

 [[ True  True]
  [ True  True]
  [ True  True]
  [ True  True]
  [ True  True]
  [ True  True]]

 [[ True  True]
  [ True  True]
  [ True  True]
  [ True  True]
  [ True  True]
  [ True  True]]

 [[ True  True]
  [ True  True]
  [ True  True]
  [ True  True]
  [ True  True]
  [ True  True]]

 [[ True  True]
  [ True  True]
  [ True  True]
  [ True  True]
  [ True  True]
  [ True  True]]

 [[ True  True]
  [ True  True]
  [ True  True]
  [ True  True]
  [ True  True]
  [ True  True]]]","[5, 20]",1
0,"[[[ True  True]
  [ True  True]
  [ True  True]
  [ True  True]
  [ True  True]
  [ True  True]]

 [[ True  True]
  [ True  True]
  [ True  True]
  [ True  True]
  [ True  True]
  [ True  True]]

 [[ True  True]
  [ True  True]
  [ True  True]
  [ True  True]
  [ True  True]
  [ True  True]]

 [[ True  True]
  [ True  True]
  [ True  True]
  [ True  True]
  [ True  True]
  [ True  True]]

 [[ True  True]
  [ True  True]
  [ True  True]
  [ True  True]
  [ True  True]
  [ True  True]]

 [[ True  True]
  [ True  True]
  [ True  True]
  [ True  True]
  [ True  True]
  [ True  True]]]","[18, 7]",0
1,"[[[ True  True]
  [ True  True]
  [ True  True]
  [ True  True]
  [ True  True]
  [ True  True]]

 [[ True  True]
  [ True  True]
  [ True  True]
  [ True  True]
  [ True  True]
  [ True  True]]

 [[ True  True]
  [ True  True]
  [ True  True]
  [ True  True]
  [ True  True]
  [ True  True]]

 [[ True  True]
  [ True  True]
  [ True  True]
  [ True  True]
  [ True  True]
  [ True  True]]

 [[ True  True]
  [ True  True]
  [ True  True]
  [ True  True]
  [ True  True]
  [ True  True]]

 [[ True  True]
  [ True  True]
  [ True  True]
  [ True  True]
  [ True  True]
  [ True  True]]]","[5, 20]",1
0,"[[[ True  True]
  [ True  True]
  [ True  True]
  [ True  True]
  [ True  True]
  [ True  True]]

 [[ True  True]
  [ True  True]
  [ True  True]
  [ True  True]
  [ True  True]
  [ True  True]]

 [[ True  True]
  [ True  True]
  [ True  True]
  [ True  True]
  [ True  True]
  [ True  True]]

 [[ True  True]
  [ True  True]
  [ True  True]
  [ True  True]
  [ True  True]
  [ True  True]]

 [[ True  True]
  [ True  True]
  [ True  True]
  [ True  True]
  [ True  True]
  [ True  True]]

 [[ True  True]
  [ True  True]
  [ True  True]
  [ True  True]
  [ True  True]
  [ True  True]]]","[21, 4]",0
0,"[[[ True  True]
  [ True  True]
  [ True  True]
  [ True  True]
  [ True  True]
  [ True  True]]

 [[ True  True]
  [ True  True]
  [ True  True]
  [ True  True]
  [ True  True]
  [ True  True]]

 [[ True  True]
  [ True  True]
  [ True  True]
  [ True  True]
  [ True  True]
  [ True  True]]

 [[ True  True]
  [ True  True]
  [ True  True]
  [ True  True]
  [ True  True]
  [ True  True]]

 [[ True  True]
  [ True  True]
  [ True  True]
  [ True  True]
  [ True  True]
  [ True  True]]

 [[ True  True]
  [ True  True]
  [ True  True]
  [ True  True]
  [ True  True]
  [ True  True]]]","[13, 12]",1
0,"[[[ True  True]
  [ True  True]
  [ True  True]
  [ True  True]
  [ True  True]
  [ True  True]]

 [[ True  True]
  [ True  True]
  [ True  True]
  [ True  True]
  [ True  True]
  [ True  True]]

 [[ True  True]
  [ True  True]
  [ True  True]
  [ True  True]
  [ True  True]
  [ True  True]]

 [[ True  True]
  [ True  True]
  [ True  True]
  [ True  True]
  [ True  True]
  [ True  True]]

 [[ True  True]
  [ True  True]
  [ True  True]
  [ True  True]
  [ True  True]
  [ True  True]]

 [[ True  True]
  [ True  True]
  [ True  True]
  [ True  True]
  [ True  True]
  [ True  True]]]","[22, 3]",0
1,"[[[ True  True]
  [ True  True]
  [ True  True]
  [ True  True]
  [ True  True]
  [ True  True]]

 [[ True  True]
  [ True  True]
  [ True  True]
  [ True  True]
  [ True  True]
  [ True  True]]

 [[ True  True]
  [ True  True]
  [ True  True]
  [ True  True]
  [ True  True]
  [ True  True]]

 [[ True  True]
  [ True  True]
  [ True  True]
  [ True  True]
  [ True  True]
  [ True  True]]

 [[ True  True]
  [ True  True]
  [ True  True]
  [ True  True]
  [ True  True]
  [ True  True]]

 [[ True  True]
  [ True  True]
  [ True  True]
  [ True  True]
  [ True  True]
  [ True  True]]]","[7, 18]",1
0,"[[[ True  True]
  [ True  True]
  [ True  True]
  [ True  True]
  [ True  True]
  [ True  True]]

 [[ True  True]
  [ True  True]
  [ True  True]
  [ True  True]
  [ True  True]
  [ True  True]]

 [[ True  True]
  [ True  True]
  [ True  True]
  [ True  True]
  [ True  True]
  [ True  True]]

 [[ True  True]
  [ True  True]
  [ True  True]
  [ True  True]
  [ True  True]
  [ True  True]]

 [[ True  True]
  [ True  True]
  [ True  True]
  [ True  True]
  [ True  True]
  [ True  True]]

 [[ True  True]
  [ True  True]
  [ True  True]
  [ True  True]
  [ True  True]
  [ True  True]]]","[18, 7]",0
1,"[[[ True  True]
  [ True  True]
  [ True  True]
  [ True  True]
  [ True  True]
  [ True  True]]

 [[ True  True]
  [ True  True]
  [ True  True]
  [ True  True]
  [ True  True]
  [ True  True]]

 [[ True  True]
  [ True  True]
  [ True  True]
  [ True  True]
  [ True  True]
  [ True  True]]

 [[ True  True]
  [ True  True]
  [ True  True]
  [ True  True]
  [ True  True]
  [ True  True]]

 [[ True  True]
  [ True  True]
  [ True  True]
  [ True  True]
  [ True  True]
  [ True  True]]

 [[ True  True]
  [ True  True]
  [ True  True]
  [ True  True]
  [ True  True]
  [ True  True]]]","[4, 21]",1
1,"[[[ True  True]
  [ True  True]
  [ True  True]
  [ True  True]
  [ True  True]
  [ True  True]]

 [[ True  True]
  [ True  True]
  [ True  True]
  [ True  True]
  [ True  True]
  [ True  True]]

 [[ True  True]
  [ True  True]
  [ True  True]
  [ True  True]
  [ True  True]
  [ True  True]]

 [[ True  True]
  [ True  True]
  [ True  True]
  [ True  True]
  [ True  True]
  [ True  True]]

 [[ True  True]
  [ True  True]
  [ True  True]
  [ True  True]
  [ True  True]
  [ True  True]]

 [[ True  True]
  [ True  True]
  [ True  True]
  [ True  True]
  [ True  True]
  [ True  True]]]","[9, 16]",0
1,"[[[ True  True]
  [ True  True]
  [ True  True]
  [ True  True]
  [ True  True]
  [ True  True]]

 [[ True  True]
  [ True  True]
  [ True  True]
  [ True  True]
  [ True  True]
  [ True  True]]

 [[ True  True]
  [ True  True]
  [ True  True]
  [ True  True]
  [ True  True]
  [ True  True]]

 [[ True  True]
  [ True  True]
  [ True  True]
  [ True  True]
  [ True  True]
  [ True  True]]

 [[ True  True]
  [ True  True]
  [ True  True]
  [ True  True]
  [ True  True]
  [ True  True]]

 [[ True  True]
  [ True  True]
  [ True  True]
  [ True  True]
  [ True  True]
  [ True  True]]]","[12, 13]",1
